{
  "homography_matrix": [
    [
      -0.5806024033171887,
      -0.039213157677911364,
      1579.4319210094882
    ],
    [
      0.005960255283428499,
      0.38164668922919476,
      285.72974574612186
    ],
    [
      1.6006134176408222e-06,
      -4.570238986704554e-05,
      1.0
    ]
  ],
  "chessboard_inner_corners": [
    9,
    6
  ],
  "chessboard_size": 300,
  "projection_width": 1600,
  "projection_height": 1200,
  "grid_size": 20
}